{
    "rmse": 0.6465904622862044,
    "mae": 0.5082032309581299,
    "r2": 0.30433175103874965
}