{
    "rmse": 0.6937773004836489,
    "mae": 0.5448920890045891,
    "r2": 0.2887932582226306
}