{
    "rmse": 0.6766477099548504,
    "mae": 0.5323248752606174,
    "r2": 0.26623322506968494
}